﻿<?xml version="1.0" encoding="utf-8"?>
<sync revision="0" server-id="c74994bb-0f94-41a7-ac7e-183b796d5612">
  <note id="43497fa2-6ef5-4f28-b50f-4881714a255d" rev="0" />
  <note id="4d40d8b0-96e2-4042-abd0-2543cf6b5d76" rev="0" />
  <note id="01996905-2f50-4b52-8bcc-b9e24933b6e7" rev="0" />
  <note id="8d58f05e-5974-4590-884e-ada6c89f6b87" rev="0" />
  <note id="1f1f40d7-01b4-47b8-a00c-44a1d022cd4a" rev="0" />
  <note id="3257caae-b3ce-4e31-bf42-7498eaa1d668" rev="0" />
  <note id="a00e37af-1444-47ea-93cf-7482b4cef06b" rev="0" />
  <note id="0e82a6b4-c384-4d64-b01e-532fde22200c" rev="0" />
  <note id="df473185-92fd-4987-86dd-c273dc2fb42b" rev="0" />
  <note id="dc4321f0-9f3c-4f12-899e-94b99a7b0ed0" rev="0" />
  <note id="2e5d259c-2cee-4596-9c64-e2133aae0d20" rev="0" />
  <note id="0586604d-1fa9-4fa7-9665-03d04799c7f3" rev="0" />
</sync>